{"timestamp": "2025-09-04T21:42:01.659813+00:00", "results": [{"batch_size": 1, "avg_latency": 1.3691229325001284, "p50": 1.3642510660010885, "p90": 1.3767886300014651, "p99": 1.3934606741197422}]}