{"timestamp": "2025-09-04T22:28:43.940019+00:00", "results": [{"batch_size": 4, "avg_latency": 1.4546939712665334, "p50": 1.4513472844992066, "p90": 1.463616076098333, "p99": 1.4857460011596777}, {"batch_size": 6, "avg_latency": 1.5144753984333268, "p50": 1.5144285440001113, "p90": 1.5174692841988873, "p99": 1.5360267134901369}, {"batch_size": 8, "avg_latency": 1.5799448159663976, "p50": 1.5732778095007234, "p90": 1.6164767314981874, "p99": 1.6237966979886551}]}