{"timestamp": "2025-09-04T23:04:10.113699+00:00", "results": [{"batch_size": 4, "avg_latency": 1.45072319486632, "p50": 1.4505057005007984, "p90": 1.4518992134995643, "p99": 1.4563511328795722}, {"batch_size": 6, "avg_latency": 1.5098239628000252, "p50": 1.5080756429997564, "p90": 1.5107790636011487, "p99": 1.5414038130899643}, {"batch_size": 8, "avg_latency": 1.5802277975000227, "p50": 1.573775906499577, "p90": 1.5883241187013482, "p99": 1.6458863735093474}]}