{"timestamp": "2025-09-04T22:51:04.762438+00:00", "results": [{"batch_size": 4, "avg_latency": 1.4599860386999353, "p50": 1.4539426069986803, "p90": 1.4846754834012246, "p99": 1.502735630218376}, {"batch_size": 6, "avg_latency": 1.5235983575334102, "p50": 1.5092282490004436, "p90": 1.5633949920014856, "p99": 1.5746870573089473}, {"batch_size": 8, "avg_latency": 1.573217784333368, "p50": 1.5737387589997525, "p90": 1.5755230355003733, "p99": 1.5763473070510736}]}